{
    "commit": "2b824e84",
    "compilation_date": "2023-03-30T08:38:06.091862",
    "compilation_flags": {
        "float_abi": "soft",
        "fshort_enums": false,
        "short_wchar": false
    },
    "compilation_str": "{'compilation_dict':{'api':{'env':'PROD','version':'v3'},'version':{'web_api':{'env':'PROD','version':'v3'},'local_api':{'version':'2023.02.21.0','platform':'win64'},'studio':'3.3.0'},'combination':[62,256,5,0,3,2,3,0.59,0.0,0.0,1000000.0,1.26,0,1,0,8,0.21,0.4],'compilation_type':'on_board_training','compilation_flags':{},'mcu':'cortex-m4_st_stm32f4_nucleo-f401re','sensor':'acc3','data':{'nb_cols':768,'nb_lines':[[200,150]]},'only_emulators':true,'lock_type':100,'learning_min_lines':10,'lib_version':'v2_2b824e8','class_names':'nominal,anomaly','performance':{'performance':{'score':0.86568,'precision':0.883875,'precision_confidence_interval':[0.850039,0.917711]},'memory_usage':{'estimated_ram':3380,'estimated_flash':2909,'estimated_flash_knowledge':588}}},'sign':26489,'license_key':'***'}",
    "compilation_type": "on_board_training",
    "compile_emulators": true,
    "compile_library": false,
    "data": {
        "nb_cols": 768,
        "nb_lines": [
            [
                200,
                150
            ]
        ]
    },
    "gcc_version": "arm-none-eabi-gcc (GNU Tools for Arm Embedded Processors 9-2019-q4-major) 9.2.1 20191025 (release) [ARM/arm-9-branch revision 277599]",
    "learning_min_lines": 10,
    "lib_limited": true,
    "library_id": "64254a6fc43fb05a3219d79b",
    "library_md5sum": null,
    "mcu": "cortex-m4_st_stm32f4_nucleo-f401re",
    "mcu_cpn": "NUCLEO-F401RE",
    "mcu_family": "STM32F4",
    "mcu_type": "cortex-m4",
    "performance": {
        "memory_usage": {
            "estimated_flash": 2909,
            "estimated_flash_knowledge": 588,
            "estimated_ram": 3380
        },
        "performance": {
            "precision": 0.883875,
            "precision_confidence_interval": [
                0.850039,
                0.917711
            ],
            "score": 0.86568
        }
    },
    "sensor": "acc3",
    "studio_info": {
        "local_api": {
            "platform": "win64",
            "version": "2023.02.21.0"
        },
        "studio": "3.3.0",
        "web_api": {
            "env": "PROD",
            "version": "v3"
        }
    },
    "user_info": {
        "company": "Mit",
        "email": "bhatnanditha2@gmail.com",
        "first_name": "Nanditha",
        "last_name": "Bhat"
    }
}